{"0": 0.4652351738241309, "1": 0.4918918918918919, "2": 0.4676258992805755, "3": 0.6074766355140186, "4": 0.46099290780141844, "5": 0.5397390272835113, "6": 0.4685890834191555, "7": 0.5118110236220472, "8": 0.4308712121212121, "9": 0.600263852242744, "10": 0.523590333716916, "11": 0.49030172413793105, "12": 0.5147058823529411, "13": 0.4794520547945205, "14": 0.5303030303030303, "15": 0.47150259067357514, "16": 0.5781448538754765, "17": 0.5078125, "18": 0.5016538037486218, "19": 0.47794117647058826, "20": 0.5371900826446281, "21": 0.42602996254681647, "22": 0.519406392694064, "23": 0.48250265111346763, "24": 0.5508474576271186, "25": 0.5378250591016549, "26": 0.4861111111111111, "27": 0.4504950495049505, "28": 0.52479815455594, "29": 0.5266203703703703, "30": 0.5309218203033839, "31": 0.4789473684210526, "32": 0.47594142259414224, "33": 0.5416666666666666, "34": 0.5205949656750573, "35": 0.5205949656750573, "36": 0.5266203703703703, "37": 0.49295774647887325, "38": 0.42207792207792205, "39": 0.5963302752293578, "40": 0.40588760035682425, "41": 0.4404646660212972, "42": 0.37885095753538717, "43": 0.5, "44": 0.4961832061068702, "45": 0.5569155446756426, "46": 0.5176336746302617, "47": 0.4605263157894737, "48": 0.4605263157894737, "49": 0.46006066734074824, "50": 0.5397390272835113, "51": 0.5112359550561798, "52": 0.45774647887323944, "53": 0.4482758620689655, "54": 0.4005281690140845, "55": 0.5666251556662516, "56": 0.4236499068901304, "57": 0.5089485458612976, "58": 0.5083798882681564, "59": 0.44390243902439025, "60": 0.5436081242532855, "61": 0.4789473684210526, "62": 0.5158730158730159, "63": 0.5044345898004434, "64": 0.5027624309392266, "65": 0.5403800475059383, "66": 0.5, "67": 0.501101321585903, "68": 0.5535279805352799, "69": 0.4774396642182581, "70": 0.4769392033542977, "71": 0.4705274043433299, "72": 0.47346514047866806, "73": 0.509518477043673, "74": 0.43209876543209874, "75": 0.5548780487804879, "76": 0.5223880597014925, "77": 0.4121376811594203, "78": 0.4379210779595765, "79": 0.4809725158562368, "80": 0.44564152791381, "81": 0.4595959595959596, "82": 0.52, "83": 0.5303030303030303, "84": 0.4026548672566372, "85": 0.457286432160804, "86": 0.46006066734074824, "87": 0.47297297297297297, "88": 0.3898886032562125, "89": 0.3538102643856921, "90": 0.5290697674418605, "91": 0.48663101604278075, "92": 0.5033185840707964, "93": 0.41064981949458484, "94": 0.45183714001986097, "95": 0.5390995260663507, "96": 0.49890350877192985, "97": 0.457286432160804, "98": 0.534037558685446, "99": 0.5617283950617284, "100": 0.41514598540145986, "101": 0.4591321897073663, "102": 0.49030172413793105, "103": 0.4012345679012346, "104": 0.4754440961337513, "105": 0.47594142259414224, "106": 0.5603448275862069, "107": 0.4595959595959596, "108": 0.5384615384615384, "109": 0.4559118236472946, "110": 0.3925798101811907, "111": 0.5223880597014925, "112": 0.4354066985645933, "113": 0.4666666666666667, "114": 0.48148148148148145, "115": 0.47346514047866806, "116": 0.4155251141552511, "117": 0.4661885245901639, "118": 0.5436081242532855, "119": 0.36254980079681276, "120": 0.49672489082969434, "121": 0.47297297297297297, "122": 0.43416030534351147, "123": 0.5170454545454546, "124": 0.4647599591419816, "125": 0.4019434628975265, "126": 0.4256314312441534, "127": 0.39428076256499134, "128": 0.49672489082969434, "129": 0.4647599591419816, "130": 0.43582375478927204, "131": 0.5254041570438799, "132": 0.47643979057591623, "133": 0.4855923159018143, "134": 0.43333333333333335, "135": 0.4794520547945205, "136": 0.45363908275174475, "137": 0.41590493601462525, "138": 0.38822525597269625, "139": 0.4349904397705545, "140": 0.48872180451127817, "141": 0.43834296724470134, "142": 0.45363908275174475, "143": 0.48507462686567165, "144": 0.5044345898004434, "145": 0.501101321585903, "146": 0.4030115146147033, "147": 0.4619289340101523, "148": 0.4252336448598131, "149": 0.39807524059492566, "150": 0.48507462686567165, "151": 0.39842381786339753, "152": 0.5005500550055005, "153": 0.46381243628950053, "154": 0.46334012219959264, "155": 0.4478346456692913, "156": 0.4244402985074627, "157": 0.4504950495049505, "158": 0.4349904397705545, "159": 0.37665562913907286, "160": 0.5596555965559655, "161": 0.41858325666973323, "162": 0.4400386847195358, "163": 0.5182232346241458, "164": 0.44346978557504874, "165": 0.441747572815534, "166": 0.5346650998824912, "167": 0.4705274043433299, "168": 0.44131910766246363, "169": 0.420129270544783, "170": 0.4400386847195358, "171": 0.4845580404685836, "172": 0.4754440961337513, "173": 0.49890350877192985, "174": 0.3953084274543875, "175": 0.43250950570342206, "176": 0.47346514047866806, "177": 0.47794117647058826, "178": 0.3849407783417936, "179": 0.4591321897073663, "180": 0.3849407783417936, "181": 0.45183714001986097, "182": 0.5016538037486218, "183": 0.5005500550055005, "184": 0.48767416934619506, "185": 0.479957805907173, "186": 0.4789473684210526, "187": 0.42924528301886794, "188": 0.5016538037486218, "189": 0.4739583333333333, "190": 0.4568273092369478, "191": 0.4349904397705545, "192": 0.4657113613101331, "193": 0.4861111111111111, "194": 0.4666666666666667, "195": 0.41139240506329117, "196": 0.4695562435500516, "197": 0.45545545545545546, "198": 0.4396135265700483, "199": 0.43666026871401153, "200": 0.4695562435500516, "201": 0.48250265111346763, "202": 0.47494780793319413, "203": 0.42207792207792205, "204": 0.4443359375, "205": 0.43834296724470134, "206": 0.37790697674418605, "207": 0.47346514047866806, "208": 0.48250265111346763, "209": 0.48250265111346763, "210": 0.46239837398373984, "211": 0.4316888045540797, "212": 0.44960474308300397, "213": 0.3902229845626072, "214": 0.4690721649484536, "215": 0.4284369114877589, "216": 0.4396135265700483, "217": 0.3785357737104825, "218": 0.4652351738241309, "219": 0.39807524059492566, "220": 0.49510337323177367, "221": 0.42246982358402974, "222": 0.43876567020250723, "223": 0.4784437434279706, "224": 0.43666026871401153, "225": 0.4614604462474645, "226": 0.4652351738241309, "227": 0.4019434628975265, "228": 0.4666666666666667, "229": 0.48148148148148145, "230": 0.42965061378659114, "231": 0.38822525597269625, "232": 0.43582375478927204, "233": 0.436241610738255, "234": 0.4155251141552511, "235": 0.4676258992805755, "236": 0.4189686924493554, "237": 0.39565217391304347, "238": 0.3898886032562125, "239": 0.36901865369018655, "240": 0.39599651871192343, "241": 0.3898886032562125, "242": 0.3538102643856921, "243": 0.3577044025157233, "244": 0.40770609318996415, "245": 0.33879374534623974, "246": 0.3577044025157233, "247": 0.4117647058823529, "248": 0.41064981949458484, "249": 0.4540918163672655, "250": 0.4504950495049505, "251": 0.4268292682926829, "252": 0.42965061378659114, "253": 0.45183714001986097, "254": 0.441747572815534, "255": 0.420129270544783, "256": 0.42168674698795183, "257": 0.4375, "258": 0.3467987804878049, "259": 0.41590493601462525, "260": 0.4143897996357013, "261": 0.38657604078164826, "262": 0.4212962962962963, "263": 0.4652351738241309, "264": 0.37387017255546423, "265": 0.43834296724470134, "266": 0.3922413793103448, "267": 0.36053882725832015, "268": 0.4676258992805755, "269": 0.49030172413793105, "270": 0.42246982358402974, "271": 0.4804646251319958, "272": 0.4268292682926829, "273": 0.41514598540145986, "274": 0.452286282306163, "275": 0.4447702834799609, "276": 0.44346978557504874, "277": 0.4212962962962963, "278": 0.45820745216515607, "279": 0.4531872509960159, "280": 0.4754440961337513, "281": 0.436241610738255, "282": 0.424044734389562, "283": 0.36782538399353276, "284": 0.32430506058446185, "285": 0.4143897996357013, "286": 0.44871794871794873, "287": 0.4647599591419816, "288": 0.40625, "289": 0.4232558139534884, "290": 0.39565217391304347, "291": 0.5038759689922481, "292": 0.4657113613101331, "293": 0.4666666666666667, "294": 0.47346514047866806, "295": 0.30952380952380953, "296": 0.37112561174551384, "297": 0.38331929233361417, "298": 0.42602996254681647, "299": 0.42207792207792205,